Price,Sqft,Address,District,Predicted Price
5000,400,Rajajinagar,Ariyalur,
5000,950,Near sivan kovil temple,Ariyalur,
8000,"1,200",Ethraj Nagar,Ariyalur,
11000,800,Sai Nagar,Chengalpattu,
15000,900,Alapakkam,Chengalpattu,
7000,700,Pallava garden Pulipakkam,Chengalpattu,
12000,967,Singaperumal Koil,Chengalpattu,
18000,990,Singaperumal Koil,Chengalpattu,
5500,600,J C K Nagar,Chengalpattu,
12000,700,Maraimalai Nagar,Chengalpattu,
8000,650,Maraimalai Nagar,Chengalpattu,
9000,750,Teachers Colony Nenmeli,Chengalpattu,
6500,600,Sai Nagar Allapakkam,Chengalpattu,
8000,750,Nenmeli,Chengalpattu,
15000,"1,400",Urapakkam,Chengalpattu,
3000,450,Urapakkam,Chengalpattu,
7000,900,Krishna nagar,Chengalpattu,
18000,900,Singaperumal Koil,Chengalpattu,
7000,650,Alapakkam,Chengalpattu,
14000,850,Maraimalai Nagar,Chengalpattu,
12000,"1,100",Chettipuniyam,Chengalpattu,
12000,750,Mahindra World City,Chengalpattu,
14000,800,Back side F8 cinemas Anna Nagar,Chengalpattu,
9000,2000,Paranur,Chengalpattu,
11000,1000,Chettipunniyam,Chengalpattu,
65000,"2,200",West Jafferkhanpet,Chennai,
23000,807,Sithalapakkam,Chennai,
180000,"4,000",Korattur,Chennai,
18000,910,Korattur,Chennai,
12000,800,Avadi,Chennai,
50000,900,Sholinganallur,Chennai,
10000,780,Kovur,Chennai,
20000,900,Alapakkam,Chennai,
23000,"1,000",Thirupathi Nagar,Chennai,
75000,"2,200",Anna nagar,Chennai,
28000,"1,195",Ambattur,Chennai,
125000,"2,800",VGP Layout Cholamandal Artists Village,Chennai,
75000,"3,500",Navalur,Chennai,
80000,"4,000",Navalur,Chennai,
37000,"1,645",Porur,Chennai,
200000,"2,200",Alwarpet,Chennai,
200000,"2,700",RA Puram,Chennai,
120000,"4,000",Chinna Neelankarai,Chennai,
100000,"2,400",Kotturpuram,Chennai,
100000,"2,600",RA Puram,Chennai,
23000,"1,400",Saibaba Colony,Coimbatore,
13000,"1,526",Pallapalayam,Coimbatore,
15500,950,Nehru nagar Housing unit,Coimbatore,
18000,"1,500",Gandhi Park,Coimbatore,
15000,"1,200",Kavundampalayam,Coimbatore,
11000,742,Venkitta Puram,Coimbatore,
7000,450,Othakalmandapam,Coimbatore,
20000,"3,400",Venkatapuram,Coimbatore,
9000,450,Othakalmandapam,Coimbatore,
12000,800,Anna Nagar,Coimbatore,
25000,"1,200",Peelamedu,Coimbatore,
15000,"1,300",Malumichampatti,Coimbatore,
24000,"1,228",Singanallur,Coimbatore,
4500,125,Krishna Garden Singanallur,Coimbatore,
6500,450,Sulur,Coimbatore,
25000,"1,000",KK Pudur,Coimbatore,
16000,950,Selvapuram South,Coimbatore,
6000,"1,250",Irugur,Coimbatore,
10000,600,Ganapathy,Coimbatore,
20000,"1,410",Vilankurichi,Coimbatore,
7500,"1,200",Arumuganar Nagar,Cuddalore,
7000,"2,000",Kumarapettai,Cuddalore,
7500,850,Graded Community,Cuddalore,
15000,"2,000",Nayveli,Cuddalore,
9000,"1,000",Chidambaram,Cuddalore,
10000,800,Chidambaram,Cuddalore,
7000,700,Koothapakkam,Cuddalore,
4500,800,Chavadi,Cuddalore,
5000,2400,Chidambaram,Cuddalore,
5000,830,Tittakudi,Cuddalore,
12000,"1,000",Vannarapalayam,Cuddalore,
6000,"1,100",Vadalur,Cuddalore,
7500,900,Velisemmandalam,Cuddalore,
6000,"1,500",Manjakuppam,Cuddalore,
6500,750,Virudhachalam,Cuddalore,
5000,"1,200",Kondur,Cuddalore,
5500,700,Chidambaram,Cuddalore,
10000,"2,400",Semmandalam,Cuddalore,
8500,"1,200",Kondur,Cuddalore,
8000,800,Aanaikuppam,Cuddalore,
7000,700,Dharmapuri,Dharmapuri,
15000,2670,virupatchipuram,Dharmapuri,
15000,1800,Bharathipuram,Dharmapuri,
5500,600,Gandhinagar,Dharmapuri,
10000,2000,Anjaneyur Kovil Street,Dharmapuri,
4500,250,Pidamaneri,Dharmapuri,
8000,750,Oddapatti,Dharmapuri,
3000,555,pidamaneri,Dharmapuri,
10000,1200,Agraharam,Dharmapuri,
15000,600,Karimangalam,Dharmapuri,
6500,1500,mathopu,Dharmapuri,
4500,435,Palacode,Dharmapuri,
5500,900,near municipal office,Dharmapuri,
6000,450,Vediyappan thidhu,Dharmapuri,
5000,1500,Vennampatty,Dharmapuri,
15000,1200,Near ARP quarters,Dharmapuri,
17000,2400,Settikara,Dharmapuri,
9000,950,TNHB colony,Dharmapuri,
8500,1200,Virupakshipuram,Dharmapuri,
6500,500,Viswanathan nagar,Dharmapuri,
10000,"1,120",Modern nagar,Dindigul,
22000,"1,200",Chettinayakanpatti,Dindigul,
7000,800,ellumaliyan nagar,Dindigul,
15000,"1,100",ellumaliyan nagar,Dindigul,
10000,"1,100",Moovendar Nagar,Dindigul,
18000,"1,300",MVM Nagar,Dindigul,
8000,"1,750",Oddanchatram,Dindigul,
8000,750,Kaveri Nagar,Dindigul,
20000,"2,400",Thadikombu,Dindigul,
13000,"1,500",Nandavanapatti,Dindigul,
10000,"2,500",Begambur,Dindigul,
8000,"1,100",Devasahayam nagar,Dindigul,
4500,"2,000",Masilamanipuram,Dindigul,
3500,250,Chettinayakanpatti,Dindigul,
9500,"1,200",GS NAGAR,Dindigul,
15000,"1,000",Mendonsa Colony,Dindigul,
14000,"1,100",Chettinayakanpatti,Dindigul,
11000,"1,100",Nagal Nagar,Dindigul,
15000,"1,100",Seelapadi Mahalakshmi Nagar,Dindigul,
8500,"1,050",Gujiliamparai,Dindigul,
9000,"2,400",Chettinayakanpatti,Dindigul,
20000,"1,000",nagal pudhur,Dindigul,
22000,"50,590",Arunachal nagar,Dindigul,
7000,"1,300",kamatchi nagar,Dindigul,
12000,650,Perundurai Road,Erode,
8000,"1,200",B P Agraharam,Erode,
9500,"1,100",Mettukadai,Erode,
7000,550,Sanjay Nagar,Erode,
9500,780,Sanjay Nagar,Erode,
8500,"1,100",Sampath Nagar,Erode,
5000,600,Shastri Nagar,Erode,
9500,"1,200",Gobichettipalayam,Erode,
10000,900,Solar Pirivu,Erode,
8500,"1,300",Modakurichi,Erode,
5000,"5,555",Veerappanchatram,Erode,
8500,"2,400",Gobichettipalayam,Erode,
12500,950,Erode Fort,Erode,
8000,"1,000",Gobichettipalayam,Erode,
12000,800,Teachers Colony,Erode,
8000,"1,200",Gobichettipalayam,Erode,
7000,500,Veepampalayam,Erode,
11000,"1,600",Thindal,Erode,
8000,"1,200",Chithode,Erode,
10000,"2,000",NEAR BVB CBSC SCHOOL,Erode,
7000,600,Teachers Colony,Erode,
6000,600,Chithode,Erode,
10000,960,Vasanthi illam,Kallakurichi,
7000,"1,200",Enathur,Kanchipuram,
20000,"1,250",Sevlimedu,Kanchipuram,
8000,150,Kolathur,Kanchipuram,
3000,450,Kancheepuram,Kanchipuram,
9000,500,Chengalpattu,Kanchipuram,
4500,500,Konerikuppam,Kanchipuram,
9000,"1,100",Pillayar palayam,Kanchipuram,
7000,900,Chinna Kanchipuram,Kanchipuram,
8000,"1,000",Pillaiyarpalayam,Kanchipuram,
6500,500,Kancheepuram,Kanchipuram,
5000,"1,400",Abdullapuram,Kanchipuram,
13000,900,Pillaiyarpalayam,Kanchipuram,
12000,860,Pillaiyarpalayam,Kanchipuram,
20000,"1,250",Konerikuppam,Kanchipuram,
25000,"1,350",Casagrand Arena,Kanchipuram,
8000,800,Ennaikaran,Kanchipuram,
25000,"2,500",Chinna Kanchipuram,Kanchipuram,
6000,900,GV Construction Kanchipuram,Kanchipuram,
7000,800,Kancheepuram,Kanchipuram,
10000,900,Sevilimedu,Kanchipuram,
2500,"4,500",Kancheepuram,Kanchipuram,
10000,"1,000",Konerikuppam,Kanchipuram,
13000,1627,Chinna Kanchipuram,Kanchipuram,
3500,621,Chinna Kanchipuram,Kanchipuram,
8000,424,Mullivakkam,Kanchipuram,
8700,750,Ponnappa Nadar Colony,Kanyakumari,
10000,500,Thuckalay,Kanyakumari,
8000,"1,800",Thuckalay,Kanyakumari,
30000,"1,000",Karungal,Kanyakumari,
29999,"2,000",Kulasekharam,Kanyakumari,
6000,900,Suchindram,Kanyakumari,
6500,"1,200",Nagercoil,Kanyakumari,
9500,"1,500",Kottaram,Kanyakumari,
3500,600,neela kanda swamy temple,Kanyakumari,
7000,"2,500",Asaripallam,Kanyakumari,
6000,"1,800",Agasteeswaram,Kanyakumari,
5000,900,Palliyadi,Kanyakumari,
17000,"2,500",Thuckalay,Kanyakumari,
12000,"1,600",Vellamadam,Kanyakumari,
5000,500,Thuckalay,Kanyakumari,
7000,"1,100",Vettuvenni,Kanyakumari,
5000,850,palliyady,Kanyakumari,
7000,900,Nagercoil,Kanyakumari,
7500,"2,000",Nagercoil,Kanyakumari,
7000,600,Marthandam,Kanyakumari,
8500,900,Vadivel Nagar,Karur,
15500,"1,500",Vennamalai,Karur,
5000,850,Anbu Nagar,Karur,
5500,550,Jawahar Bazaar,Karur,
36000,"3,250",Gowripuram extension2nd cross,Karur,
5500,"1,250",Andankoil East,Karur,
9000,"1,500",Rayanur,Karur,
12500,900,Gandhigramam,Karur,
10000,"1,000",Thanthonimalai,Karur,
8000,500,Vengamedu,Karur,
7000,"1,300",Thanthonimalai,Karur,
10000,800,Vengamedu,Karur,
10000,900,Reddipalayam,Karur,
9000,"1,500",Gandhigramam,Karur,
12000,"1,000",Kamarajapuram,Karur,
20000,"2,000",Gandhigramam,Karur,
5500,650,Rayanur,Karur,
6000,"2,000",Thanthonimalai,Karur,
13000,"1,200",Gandhi Puram,Karur,
15000,"1,800",Thanthonimalai,Karur,
9500,"1,000",Andankoil East,Karur,
11000,1100,Gandhigramam,Karur,
5000,"1,200",Kundarapalli,Krishnagiri,
10000,"1,200",Bargur,Krishnagiri,
9500,"1,000",Kattiganapalli,Krishnagiri,
20000,"1,500",Appanna Rao Street,Krishnagiri,
12000,"1,200",Sathya Sai Nagar,Krishnagiri,
9500,"1,300",Kattiganapalli,Krishnagiri,
8500,"1,100",Kattiganapalli,Krishnagiri,
19000,"1,000",MIG 153 1st Phase New Housing Board,Krishnagiri,
20000,"2,100",kattiganapalli ,Krishnagiri,
10000,"1,200",Pochampalli,Krishnagiri,
12000,"1,200",Pochampalli,Krishnagiri,
5000,450,Shoolagiri,Krishnagiri,
10000,800,Kaveripattinam,Krishnagiri,
9500,"1,000",Thiruvalluvar nagar,Krishnagiri,
10000,"1,600",TNHB,Krishnagiri,
14000,"1,350",Karapalli,Krishnagiri,
18000,"1,100",Kathujuganapalli,Krishnagiri,
15000,"1,500",Natarajan Layout,Krishnagiri,
8000,"1,200",Mookondapalli,Krishnagiri,
9500,"1,600",Somarpettai,Krishnagiri,
18000,1300,Eluvappalli,Krishnagiri,
25000,1500,Peddathalapalli,Krishnagiri,
16000,1100,Rajaji Nagar 7th Cross,Krishnagiri,
12000,2400,Kattiganapalli,Krishnagiri,
10000,6000,VKN stores,Krishnagiri,
13000,1100,Mathigiri,Krishnagiri,
15000,905,Nehru Nagar,Madurai,
33000,"2,000",Nataraja Nagar,Madurai,
19000,"1,750",Gomathipuram,Madurai,
13500,920,Vilangudi,Madurai,
12000,800,Otthakadai,Madurai,
10000,"1,000",S Alangulam,Madurai,
55000,"1,300",Kalavasal,Madurai,
4000,500,Mattuthavani,Madurai,
12000,"1,300",Nagamalaipudukottai,Madurai,
6500,600,Surya Nagar,Madurai,
4500,600,Thiruparankundram,Madurai,
8000,825,Anaiyur,Madurai,
14000,550,Keelavasal,Madurai,
25000,"1,500",Thiruppalai,Madurai,
5000,783,Sikkandar Savadi,Madurai,
8000,830,TPM NagarVirattipathu,Madurai,
10000,900,Avaniyapuram,Madurai,
12000,"1,200",Nehru Nagar,Madurai,
7500,700,Uthangudi,Madurai,
7500,882,Muthu Patti,Madurai,
9000,1750,Paravai,Madurai,
25000,2616,Sikkandar Savadi,Madurai,
10000,700,THEPPAKULAM,Madurai,
10000,1100,Alagappan Nagar,Madurai,
15000,3000,Kamarajar Salai,Mayiladuthurai,
7000,"1,150",Koranad,Mayiladuthurai,
8500,"1,000",Nalathukkudi,Mayiladuthurai,
3000,500,Koranad,Mayiladuthurai,
15000,"3,000",Kamarajar Salai,Mayiladuthurai,
8500,"1,000",NalathukkudiKoranad,Mayiladuthurai,
3000,500,Koranad,Mayiladuthurai,
7000,"1,150",Koranad,Mayiladuthurai,
10000,"1,200",Cauvery nagar,Mayiladuthurai,
3500,500,Senthangudi,Mayiladuthurai,
8500,800,Dharmapuram,Mayiladuthurai,
10000,580,Manjakollai,Nagapattinam,
9000,800,Neela North Street,Nagapattinam,
5000,800,Mayiladuthurai ,Nagapattinam,
5000,800,Mayiladuthurai ,Nagapattinam,
5000,"1,050",kilvelur ,Nagapattinam,
10000,"1,300",Velippalayam ,Nagapattinam,
10000,"1,400",Cauvery nagar,Namakkal,
15000,"1,200",Andavar Nagar,Namakkal,
5500,600,Vathiyar thottam Rasipuram,Namakkal,
20000,900,Mullai Nagar AS Pettai,Namakkal,
17000,"1,000",Mullai Nagar AS Pettai,Namakkal,
6000,600,Tiruchengode,Namakkal,
6000,600,Periyannan street RP pudur,Namakkal,
6000,"1,200",Periyannan street RP Pudur,Namakkal,
21000,"1,800",Bodhu Patty,Namakkal,
7000,800,kongunagar namakka,Namakkal,
10000,"2,400",Kondichettipatti,Namakkal,
4000,"2,700",NGO Colony Chinnamuthalaipatti,Namakkal,
20000,"2,400",KMC Street,Namakkal,
5000,550,Kondichettipatti,Namakkal,
5000,350,Anbu Nagar2,Namakkal,
10000,"1,400",Salem Road RP pudur,Namakkal,
5000,900,Kosavampatti,Namakkal,
16000,"1,200",S P Pudur,Namakkal,
8500,900,Magilam residancy  Budan Santhai,Namakkal,
10000,1500,Ganga Nagar,Namakkal,
9500,2100,RP Pudur,Namakkal,
23000,1500,Thiruvalluvar Colony,Namakkal,
4500,400,Kamaraj Nagar,Namakkal,
6000,500,Chinnamuthalaipatti,Namakkal,
21000,"2,000",Kotagiri,Ooty,
30000,"1,600",Muthorai Palada,Ooty,
13500,800,Coonoor,Ooty,
12000,400,Fern Hill,Ooty,
40000,"2,000",Ooty liberty theater Upper Bazar,Ooty,
14000,"1,200",Fern Hill,Ooty,
45000,"2,000",Kotagiri,Ooty,
7000,140,Havelock Road Sai Dharshan,Ooty,
10000,"1,500",Coonoor,Ooty,
15000,"1,000",Main City,Ooty,
12000,750,Kandal,Ooty,
10500,"3,500",Balaji Bhavan Davisdale,Ooty,
8000,350,Rosemount,Ooty,
75000,"3,000",IVY The Arcadia Kotagiri,Ooty,
15000,400,Theetukal,Ooty,
60000,"1,800",Funcity,Ooty,
15000,900,Balacola,Ooty,
12000,"1,200",Kandal,Ooty,
50000,5000,Coonoor,Ooty,
19000,800,Kotagiri,Ooty,
35000,2000,Hillbunk,Ooty,
18000,2000,Nilgiri,Ooty,
12000,1000,church hill,Ooty,
8000,800,Mettu Theru,Perambalur,
8000,800,Venkatesapuram,Perambalur,
5000,100,Sungu Pettai,Perambalur,
12500,"1,200",Samiyappa Nagar,Perambalur,
8000,750,Sungu Pettai,Perambalur,
9000,"1,600",Sungu Pettai,Perambalur,
7000,"1,000",Senjeri,Perambalur,
3000,200,Perumathur,Perambalur,
12000,"1,000",SVS Karpaga Vritcham Marthandapuram,Pudukkottai,
10000,900,Subramaniapuram Machuvadi,Pudukkottai,
4000,800,Keeranur,Pudukkottai,
7000,750,Meenakshi nagar ,Pudukkottai,
6000,650,Meenakshi nagar ,Pudukkottai,
55000,"3,000",South 2nd street pudukkotai,Pudukkottai,
10000,"3,619",Satyamoorthy Nagar,Pudukkottai,
15000,"5,000",west third street,Pudukkottai,
9500,"2,400",JS Residency Kaleef Nagar,Pudukkottai,
20000,"1,500",Arun apartments Perumanadu,Pudukkottai,
7000,"1,500",Chellappan Nager,Pudukkottai,
13000,560,Shri raja rajeshwari township Illupur,Pudukkottai,
10000,"3,619",Satyamoorthy Nagar,Pudukkottai,
6500,"1,200",Sri nagar,Pudukkottai,
6000,"1,200",Balan nagar,Pudukkottai,
7500,850,Malaiyeedu,Pudukkottai,
7000,650,Thirukkokarnam,Pudukkottai,
10000,"1,500",Ashok Nagar Extension,Pudukkottai,
7000,780,Thiruvappur,Pudukkottai,
4500,700,Brindavan,Pudukkottai,
11000,1000,Pattinamkhathan,Ramanathapuram,
12000,1000,Pattinamkhathan,Ramanathapuram,
6000,441,katoorani,Ramanathapuram,
10000,1100,Bharathi nagar,Ramanathapuram,
6000,1250,Paramakudi,Ramanathapuram,
6500,1200,Mandapam,Ramanathapuram,
10000,1200,Velipattinam,Ramanathapuram,
8000,525,Paramakudi,Ramanathapuram,
5000,350,Devipattinam,Ramanathapuram,
6500,950,Paramakudi,Ramanathapuram,
12000,1000,Pattinamkhathan,Ramanathapuram,
5500,1000,Bharathi nagar,Ramanathapuram,
12000,"1,000",Pattinamkhathan,Ramanathapuram,
12000,940,Venkateshwara Colony,Ramanathapuram,
7500,450,Paramakudi,Ramanathapuram,
2500,600,Venkateshwara Colony,Ramanathapuram,
9000,900,Ranipet,Ranipet,
18000,1450,Navalpur,Ranipet,
4500,400,Ranipet,Ranipet,
7000,2200,Ranipet,Ranipet,
5000,900,Navalpur,Ranipet,
10000,1800,Ranipet,Ranipet,
4500,350,Ranipet,Ranipet,
7000,1300,Ranipet Sipcot,Ranipet,
9000,2600,Ranipet Sipcot,Ranipet,
6000,800,Ranipet Sipcot,Ranipet,
15000,2500,Ranipet Sipcot,Ranipet,
6300,700,Ranipet Sipcot,Ranipet,
4500,650,Ranipet Sipcot,Ranipet,
5600,600,Manthangal,Ranipet,
7000,1800,Ranipet,Ranipet,
60000,6000,Ranipet Sipcot,Ranipet,
4500,600,Ranipet,Ranipet,
2500,200,Ranipet,Ranipet,
7000,900,Ranipet,Ranipet,
8000,1200,Vallalar Nagar,Ranipet,
13000,750,Alagapuram,Salem,
8000,1000,Narasothipatti,Salem,
3500,200,Bajanai Madam st Arisipalayam,Salem,
12000,1500,Ayodhiyapatinam,Salem,
4000,300,T C nagar Gorimedu,Salem,
5500,550,logu nagar,Salem,
20000,1800,Alagapuram,Salem,
6000,600,Veeranam,Salem,
11000,800,Bhairavi Nagar Karuppur,Salem,
11000,670,Kondappanaickenpatti,Salem,
18000,1441,Padhmavathi apartments  Gugai,Salem,
6000,650,Maniyanur,Salem,
6000,650,Omalur Puliyampatti,Salem,
18000,1800,Prakasam Nagar,Salem,
6500,900,Pudhuroad Moolakkadai,Salem,
10000,1500,Pudhuroad Moolakkadai,Salem,
8000,850,Manangam Pt Reddipatti,Salem,
12000,1100,Nedunchalai Nagar,Salem,
10000,1500,Arunachalam Avenue Erumapalayam,Salem,
7500,516,Nethimedu,Salem,
9000,1200,Sankari,Salem,
15000,1500,Power Park Apartments Sithanur,Salem,
10000,1200,Parvathi House  Omalur,Salem,
14000,1800,Ragavendra nagar Seelanaickenpatti,Salem,
15000,1200,Ammapet,Salem,
13000,750,Hill City Apartments Alagapuram,Salem,
16000,1300,Near Sivaganga Railway Station,Sivaganga,
15000,2500,Annamalai nagar Manamadurai ,Sivaganga,
6000,995,Manamadurai,Sivaganga,
5000,400,Karaikudi,Sivaganga,
10000,1500,Manamadurai,Sivaganga,
5000,450,Karaikudi,Sivaganga,
15000,1500,Near District Collector Town,Sivaganga,
5200,750,Kanjirangal,Sivaganga,
8000,1200,Devakottai Sivaganga,Sivaganga,
5000,1300,T.pudur,Sivaganga,
5500,1200,Karaikudi,Sivaganga,
10000,700,Near Sivaganga Railway Station,Sivaganga,
5000,900,Kanjirangal,Sivaganga,
5000,700,Thanthai Periyar Nagar,Sivaganga,
15000,1200,Pari Nagar,Sivaganga,
8000,800,Kanjirangal,Sivaganga,
15000,1250,Melagaram,Tenkasi,
3000,225,Shenkottai,Tenkasi,
9000,1200,Rail nagar near collector office,Tenkasi,
5000,1500,Kadayam,Tenkasi,
6000,1215,Sengottai,Tenkasi,
8000,1600,Subhashree nagar near collector office,Tenkasi,
15000,1200,Housing colony,Tenkasi,
6500,750,Chitra nagar,Tenkasi,
6000,500,Shenkottai,Tenkasi,
13000,1000,Melagaram,Tenkasi,
6500,1200,State Bank Colony,Tenkasi,
8500,1150,Ramalayam (Coutrallam),Tenkasi,
14000,"1,000",RR Nagar,Thanjavur,
6500,"1,300",Near Medical College,Thanjavur,
2500,100,Annai Sathya Nagar,Thanjavur,
8500,"1,900",Kumbakonam,Thanjavur,
15000,"1,200",Karunavathi Nagar,Thanjavur,
15000,900,Thepperumanallur,Thanjavur,
8000,"1,350",Nanjikottai road Sundarapuram,Thanjavur,
7500,900,Abraham Pandithar Nagar,Thanjavur,
16000,"1,800",Janame Jeyam Nagar,Thanjavur,
7000,854,Thulajiyapuram colony,Thanjavur,
7500,"1,000",Saratha Nagar,Thanjavur,
16000,"1,000",JAN APARTMENTS RASI AVENUE,Thanjavur,
11000,"2,400",Mullai Nagar extension,Thanjavur,
13000,"1,200",near airforce station Pillaiyarpatti,Thanjavur,
8000,900,Kurinji Nagar New Housing Unit,Thanjavur,
10000,"2,200",Ammachatram,Thanjavur,
9500,"1,650",Dharasuram,Thanjavur,
15000,"1,200",Sundram Nagar,Thanjavur,
13000,"1,300",BVM Nagar,Thanjavur,
9000,650,EB Colony,Thanjavur,
10500,"1,100",Shankar Apartment Govindapuram,Thanjavur,
5500,600,Gnanam Nagar,Thanjavur,
7500,850,Raja Raja Cholan Nagar PALLIAGRAHARAM,Thanjavur,
9000,800,Reddipalayam road,Thanjavur,
8500,800,Ayyappan koil Street,Theni,
7000,900,Uthamapalayam,Theni,
12000,1020,Rathinam Nagar,Theni,
18000,"1,000",Mani Nagar,Theni,
5000,400,Periyakulam,Theni,
10000,"1,010",NEAR SOLAIMALAI AYYANAR KOVIL,Theni,
15000,2500,Diamond City Periyakulam,Theni,
7000,950,Thevaram,Theni,
6500,1000,Telephone Nagar,Theni,
6500,900,Unjampatti,Theni,
7500,"1,650",Bodinayakanur,Theni,
6000,"1,000",Kottai kalam street,Theni,
10000,"1,200",Rathinam Nagar,Theni,
15000,1700,VIP Nagar NRT Nagar,Theni,
10000,"1,600",Vinayaga Nagar Koduvilarpatti,Theni,
5000,800,Periyakulam,Theni,
9000,"1,500",Gopalapuram,Theni,
6000,800,Ganapathi Nagar Bodinayakanur,Theni,
7500,800,Bodinayakanur,Theni,
4500,500,Unjampatti,Theni,
14500,1650,Sarorajaandavar illam  52 Anjaneya nagar,Theni,
6000,650,Boothipuram,Theni,
18000,1500,Mullainagar ,Theni,
25000,"3,500",Palpandi Nagar Near vikasa school,Thoothukudi,
7500,"1,600",Kovilpatti       ,Thoothukudi,
7000,750,Mela Thiruchendur     ,Thoothukudi,
15000,"1,500",WGC road,Thoothukudi,
20000,"2,400",State Bank Colony,Thoothukudi,
9000,900,P & T Colony     ,Thoothukudi,
6000,"1,400",Korampallam      ,Thoothukudi,
15000,"2,400",Kovilpatti       ,Thoothukudi,
13500,"1,800",Kovilpatti       ,Thoothukudi,
17000,"1,400",Mela Thiruchendur     ,Thoothukudi,
13000,"2,800",Kumarapuram Thiruchendur     ,Thoothukudi,
26000,"1,500",Teachers Colony  ,Thoothukudi,
8000,"3,000",Kovilpatti       ,Thoothukudi,
12000,"1,200",Kurinji Nagar,Thoothukudi,
8000,880,Kumaragiri       ,Thoothukudi,
5500,700,Kovilpatti       ,Thoothukudi,
23000,"1,250",Millerpuram,Thoothukudi,
3500,220,P & T Colony Thiruchendur     ,Thoothukudi,
13000,"1,380",Thiruchendur ,Thoothukudi,
6000,900,Kovilpatti       ,Thoothukudi,
7000,"1,400",Pudukottai      ,Thoothukudi,
5000,600,Pudukottai,Thoothukudi,
6800,900,Thiru V.K.Nagar,Thoothukudi,
10000,"1,150",P & T Colony,Thoothukudi,
20000,"1,600",100Chathiram Street,Thoothukudi,
12000,"1,200",Muthammal Colony,Thoothukudi,
20000,"2,000",Chidambara Nagar,Thoothukudi,
12000,"1,400",Kovilpatti,Thoothukudi,
6800,950,Tutucorin Railway station 1st Gate,Thoothukudi,
6800,750,Thirumal Nagar 1st Avenue,Thoothukudi,
13500,"1,200",Kumaran Nagar,Tiruchirappalli,
17500,"1,100",AIBEA Nagar Trichy,Tiruchirappalli,
7500,1750,Sri Balaji Nagar Sri Balaji Nagar,Tiruchirappalli,
8000,740,UVR Apartment No 1 Tollgate,Tiruchirappalli,
10000,"1,450",Ganesh Nagar K K Nagar,Tiruchirappalli,
10000,"1,100",Crawford,Tiruchirappalli,
24000,1000,Crawford,Tiruchirappalli,
60000,660,Parsn Delta Mambalasalai ,Tiruchirappalli,
8000,500,Sri Vekkaliamman Illam Woraiyur,Tiruchirappalli,
9500,"1,000",Maruthi Nagar  No 1 Tollgate,Tiruchirappalli,
2000,"1,200",Srinivasa Nagar,Tiruchirappalli,
15000,"2,400",Palakarai,Tiruchirappalli,
10000,"2,800",Vayalur,Tiruchirappalli,
15000,1000,Crawford,Tiruchirappalli,
10000,"1,800",Crawford,Tiruchirappalli,
13000,"1,200",Fathima Nagar Woraiyur,Tiruchirappalli,
6750,800,Chinnakadai street,Tiruchirappalli,
12000,950,Srinivasa Nagar,Tiruchirappalli,
25000,"1,400",Royal The Kings Square Thillai Nagar,Tiruchirappalli,
11000,800,L K apartments Srirangam,Tiruchirappalli,
12500,900,New Raja Colony Bhima Nagar Sangillyandapuram,Tiruchirappalli,
10000,750,Thanga Nagar Vayalur,Tiruchirappalli,
10000,868,Pushpam Nagar Olaiyur,Tiruchirappalli,
15000,1200,Maples Arcadia KK Nagar,Tiruchirappalli,
25000,1500,Annamalai Nagar,Tiruchirappalli,
16000,1000,Ayyappa Nagar,Tiruchirappalli,
8000,920,Bharath Apartment Manikkam Nagar,Tiruchirappalli,
15000,1100,Minnappan street Woraiyur,Tiruchirappalli,
25000,2400,Anna Nagar,Tiruchirappalli,
18000,1308,Manghalam Meera Avenue Srirangam,Tiruchirappalli,
10000,900,Near Magammal salai,Tirunelveli,
23000,"3,600",Palayamkottai,Tirunelveli,
22000,1400,Thiharajanagar,Tirunelveli,
15000,"2,400",Perumalpuram,Tirunelveli,
10000,"4,350",Sankarnagar,Tirunelveli,
6000,"1,000",Vallioor,Tirunelveli,
13000,"2,178",Balabagya Nagar South,Tirunelveli,
8000,800,Rajkamal nagar Shanthi Nagar,Tirunelveli,
15000,"2,000",Courtallam,Tirunelveli,
3000,200,Melapalayam,Tirunelveli,
16000,"2,200",NGO A Colony,Tirunelveli,
17000,2000,NGO B Colony,Tirunelveli,
25000,"1,400",Anbu Nagar extension,Tirunelveli,
5000,840,Tirunelveli Town,Tirunelveli,
7000,850,Residential place Tirunelveli Town,Tirunelveli,
9000,"1,300",Palayamkottai,Tirunelveli,
15000,"1,350",Thyagaraja Nagar,Tirunelveli,
8500,550,Vannarpettai,Tirunelveli,
4800,325,Palayamkottai,Tirunelveli,
8000,650,Voc Nagar,Tirunelveli,
2600,120,KTC Nagar,Tirunelveli,
7500,750,Thachanallur,Tirunelveli,
7000,"1,742",Palayamkottai,Tirunelveli,
7500,"1,000",Corporation,Tirunelveli,
6500,850,KTC Nagar,Tirunelveli,
13000,"2,400",Tirupathur,Tirupathur,
6500,"1,000",Sakthi Nagar,Tirupathur,
9000,2400,tnhb Tirupathur,Tirupathur,
5000,"1,500",House board,Tirupathur,
9000,"1,400",Gandhinagar,Tirupathur,
5500,500,Katpadi,Tirupathur,
5000,700,Railway station Katpadi,Tirupathur,
10000,1200,Katpadi,Tirupathur,
2500,600,Katpadi,Tirupathur,
9000,750,Gopalakrishnan nagar Katpadi,Tirupathur,
11000,"1,250",Valapadi Katpadi,Tirupathur,
9000,"2,000",Jolarpet,Tirupathur,
13000,550,Jolarpet,Tirupathur,
6000,500,Ambur,Tirupathur,
5300,500,Jolarpet,Tirupathur,
5000,900,Jolarpet,Tirupathur,
4000,320,Jolarpet,Tirupathur,
6500,650,Sama Nagar,Tirupathur,
10000,1400,MM Nagar,Tirupathur,
7000,900,TNHB Rajarani Residency,Tirupathur,
8000,600,Mullai NagarNallur,Tiruppur,
10000,800,Avinashi,Tiruppur,
14000,750,Kumar Nagar,Tiruppur,
14000,"2,000",Kallampalayam East       ,Tiruppur,
6500,310,Velliangadu,Tiruppur,
10000,800,K Chettipalayam,Tiruppur,
7000,750,K Chettipalayam,Tiruppur,
18000,"1,300",Rakkiyapalayam,Tiruppur,
12000,1320,Ammapalayam,Tiruppur,
7000,"1,200",Mudalipalayam,Tiruppur,
7500,400,K Chettipalayam,Tiruppur,
9000,750,Near South Police Station,Tiruppur,
8700,200,Palladam,Tiruppur,
10500,1320,Ammapalayam,Tiruppur,
11500,700,Kumar Nagar,Tiruppur,
6000,450,Thirumuruganpoondi       ,Tiruppur,
8000,800,Nallur,Tiruppur,
14000,2000,S.R Nagar,Tiruppur,
7500,"1,040",KCP Garden Avinashi,Tiruppur,
5500,1040,Avinashi,Tiruppur,
7000,1200,Dharapuram,Tiruppur,
7500,600,Near Kovilvazhi Bus stand,Tiruppur,
6000,450,Rakkiyapalayam,Tiruppur,
13000,1350,Nerupperichal,Tiruppur,
7500,500,GH back side Dharapuram road,Tiruppur,
10000,1620,Palladam,Tiruppur,
17000,1500,URC Ananda Vengamedu,Tiruppur,
7000,400,Pandian Nagar,Tiruppur,
11000,1000,Thirumuruganpoondi       ,Tiruppur,
10000,"1,000",Chinnaekkadu,Tiruvallur,
7500,650,Poonga Nagar,Tiruvallur,
4500,650,Chinnaekkadu,Tiruvallur,
5000,"3,000",Chinnaekkadu,Tiruvallur,
17000,930,Chinnaekkadu,Tiruvallur,
4000,600,Ma. Po. Si. Nagar,Tiruvallur,
15000,1750,Chinnaekkadu,Tiruvallur,
15000,"1,500",Chinnaekkadu,Tiruvallur,
17000,800,Murugan Visalakshi Flats,Tiruvallur,
8000,700,Dreamz APARTMENT Chinnaekkadu,Tiruvallur,
5000,900,Chinnaekkadu,Tiruvallur,
7500,700,Chinnaekkadu,Tiruvallur,
8000,550,Chinnaekkadu,Tiruvallur,
13000,1000,Chinnaekkadu,Tiruvallur,
13000,"1,400",Chinnaekkadu,Tiruvallur,
12000,750,Star Mano legacy Chinnaekkadu,Tiruvallur,
8400,950,Chinnaekkadu,Tiruvallur,
5000,300,Jaya Nagar,Tiruvallur,
5500,500,Ma. Po. Si. Nagar,Tiruvallur,
11000,950,Periyakuppam,Tiruvallur,
4000,515,A Square Singapor Project Poonga Nagar,Tiruvallur,
3500,250,Jaya Nagar,Tiruvallur,
15700,1500,Venkateshwara Nagar,Tiruvallur,
10000,650,Jaya Nagar,Tiruvallur,
16000,1600,Chinnaekkadu,Tiruvallur,
5000,1500,Poonga Nagar,Tiruvallur,
7000,700,Thirukovilur Road,Tiruvannamalai,
13000,700,Agnikulam,Tiruvannamalai,
2500,300, Nethaji Nagar Vengikkal,Tiruvannamalai,
12000,"1,500",Soil testing office Kodampalayam Road,Tiruvannamalai,
16000,"1,800",Vengikkal,Tiruvannamalai,
5000,"1,400",Gandhi Nagar Kanchi,Tiruvannamalai,
21000,"3,300",34S Kilanakarai,Tiruvannamalai,
11000,"1,700",Vengikkal,Tiruvannamalai,
15000,"1,000",Gandhi Nagar,Tiruvannamalai,
16500,"2,000",Adi Annamalai,Tiruvannamalai,
5000,220,Sakthi Nagar Se.Nachipattu,Tiruvannamalai,
5000,600,Perubakkam,Tiruvannamalai,
5100,600,Vandavasi,Tiruvannamalai,
8500,"1,500",Vengikkal,Tiruvannamalai,
31000,"1,200",Akrur Ji Puram,Tiruvannamalai,
5100,500,Vandavasi,Tiruvannamalai,
6500,"1,000",Kilnachipattu,Tiruvannamalai,
6000,"1,800",Kilnathur,Tiruvannamalai,
8000,700,Ramanashram,Tiruvannamalai,
16000,"1,800",Durairaj Nagar Vengikkal,Tiruvannamalai,
20000,802,VIP GARDENS,Tiruvannamalai,
3500,800,Tiruvalluvar Nagar,Tiruvannamalai,
25000,"1,000",TSR Nagar,Tiruvannamalai,
9200,"1,000",Abdullapuram,Tiruvannamalai,
15000,"1,700",Thamarai Nagar,Tiruvannamalai,
15000,"2,500",Anaipiranthan,Tiruvannamalai,
7000,250,Perumpakkam road,Tiruvannamalai,
8500,250,Thiruvanna Malai,Tiruvannamalai,
4000,500,Pavazhakundur,Tiruvannamalai,
4000,250,Mathalangulam,Tiruvannamalai,
7500,"1,200",Jayalakshmi line mrt Nagar,Tiruvannamalai,
5000,300,Ramanashramam Perumpakkam road,Tiruvannamalai,
5500,1800,Thiruvalluvar Nagar ThukkapettaiChengam,Tiruvannamalai,
3500,400,Senthamangalam,Tiruvarur,
3500,400,Naalukal Mandabam Senthamangalam,Tiruvarur,
5000,900,Kamarajar Nagar Keelakavathugudi,Tiruvarur,
10000,1000,Thendral Nagar,Tiruvarur,
45000,4000,Senthamangalam,Tiruvarur,
9000,1300,Thendral Nagar Agarathirunallur,Tiruvarur,
7500,500,Skr. Building Near Veludaiyarschool,Tiruvarur,
7500,1300,Vandampalai,Tiruvarur,
11000,2400,rrr illam Keelakavathugudi,Tiruvarur,
9500,1300,Pali,Tiruvarur,
7000,800,THENDRAL NAGAR Keelakavathugudi,Tiruvarur,
9000,1200,Keelakavathugudi,Tiruvarur,
10000,1000,Mannargudi,Tiruvarur,
3500,400,Keelakavathugudi,Tiruvarur,
4500,1750,Mannargudi,Tiruvarur,
10000,1000,Vilamal,Tiruvarur,
10000,850,Navans Square,Tiruvarur,
9000,1100,Senthamangalam,Tiruvarur,
8000,1200,Vijayakumar,Tiruvarur,
12000,1200,Thendral Nagar,Tiruvarur,
20000,300,Sathuvachari,Vellore,
8300,750,Walajapet,Vellore,
9000,2000,Ranipet,Vellore,
9000,"1,500",Thorapadi,Vellore,
6000,"1,200",Walajapet,Vellore,
10000,"1,350",Lakshmipuram,Vellore,
5500,500,Katpadi,Vellore,
5000,700,Katpadi,Vellore,
7000,"1,000",Walajapet,Vellore,
6000,"1,550",Adukkamparai,Vellore,
10000,"1,200",Katpadi,Vellore,
2500,600,Katpadi,Vellore,
9000,750,Katpadi,Vellore,
10000,"1,100",Arapakkam,Vellore,
7500,"2,000",Bhavani Nagar Nehru Street Old Katpadi,Vellore,
15000,"2,400",Sathuvachari,Vellore,
13000,"2,400",Tirupattur,Vellore,
9000,900,Ranipet,Vellore,
12000,"1,200",Katpadi,Vellore,
6000,600,Alamelumangapuram,Vellore,
12000,2000,Tollgate,Vellore,
12000,"1,000",Near Kalinjur Railway Gate,Vellore,
8000,800,8th East Cross Road Suthanthira Ponvizha Nagar,Vellore,
6500,900,Konavattam,Vellore,
7500,550,Katpadi,Vellore,
10000,900,Allapuram,Vellore,
5000,792,Bagayam,Vellore,
18000,1450,Navalpur,Vellore,
9000,1000,Edayansanthu,Vellore,
7500,"1,500",Thorapadi,Vellore,
10000,1800,LMC nagar,Viluppuram,
5000,450,KK Nagar,Viluppuram,
8000,700,Kallakkurichi,Viluppuram,
8500,800,Kalpakkam,Viluppuram,
3500,500,V Marudur,Viluppuram,
3500,400,Salaiagaram,Viluppuram,
5000,650,Salamedu,Viluppuram,
9000,2200,Valudureddi,Viluppuram,
7000,1500,Valudureddi,Viluppuram,
7000,1350,Valudureddi,Viluppuram,
7500,1350,Valudureddi,Viluppuram,
10000,1000,Vandimedu,Viluppuram,
15000,1500,Koliyanur,Viluppuram,
12000,1000,Thayumanavar Street,Viluppuram,
11500,1200,Viratikupam road Selva Nagar,Viluppuram,
11000,2000,Valudureddi,Viluppuram,
9500,2400,Tindivanam,Viluppuram,
6000,600,Subedar Street Kallakkurichi,Viluppuram,
12000,2500,Tindivanam,Viluppuram,
8000,650,College road Keezperumpakkam,Viluppuram,
2000,150,Moovendar Nagar,Viluppuram,
11000,1500,Amrutha Garden Vanur,Viluppuram,
12000,1200,Arasu Uzhiyar Nagar(Periyar Quarters) ,Viluppuram,
5500,600,Moovendar Nagar,Viluppuram,
5000,750,Navamalkapper,Viluppuram,
7000,1750,Salamedu,Viluppuram,
15000,1600,Vandimedu,Viluppuram,
5000,550,Nul,Viluppuram,
5000,500,Tindivanam,Viluppuram,
11000,"1,300",Sulakkarai,Virudhunagar,
9000,"1,800",Sivakasi,Virudhunagar,
10500,"1,050",Thendral Nagar,Virudhunagar,
5000,976,Srivilliputhur,Virudhunagar,
9000,"1,350",Sivakasi,Virudhunagar,
5500,550,Rajapalayam,Virudhunagar,
8500,"2,000",Rajapalayam,Virudhunagar,
7000,"3,000",Aruppukottai,Virudhunagar,
3800,900,Pandian Nagar,Virudhunagar,
15000,"2,400",Virudhunagar,Virudhunagar,
13000,"1,700",Sudarshan Garden Rajapalayam,Virudhunagar,
9000,"1,200",Railway Colony,Virudhunagar,
7500,"1,000",Muthal Nagar,Virudhunagar,
6000,750,Sivagami Puram,Virudhunagar,
8000,"1,065",Gandhi Nagar,Virudhunagar,
6500,1100,NGO colony,Virudhunagar,
20000,1850,Pandian Nagar,Virudhunagar,
10000,1000,kooraikundu,Virudhunagar,
11000,1200,Fathima nagar,Virudhunagar,
8000,1750,Lakshmi Nagar,Virudhunagar,
